year,n_files,n_valid_days,n_pixels,sm_mean,sm_min,sm_max,sm_std
2015,273,273,8,0.275237,0.216059,0.337118,0.037345
2016,364,364,9,0.262794,0.223501,0.305605,0.024757
